,pfr_coach_id,pfr_coach_name,pfr_coach_image_url,pfr_coach_tree_hired_by,pfr_coach_tree_hired,pfr_coach_last_checked
0,ShulDo0,Don Shula,https://www.profootballhof.com/pfhof/media/Default/Items/Shula_Don_150.jpg?ext=.jpg,WilsGe0,"ArnsBi0,ClarMo0,HennDa0,McCaDo0,McPeBi0,NollCh0,SandJo0,SchnHo0,ShulDa0,StudCh0,WinnCh0",2025-09-09
1,HalaGe0,George Halas,https://www.profootballwriters.org/wp-content/uploads/2013/07/GeorgeHalasHeadshot.jpg,,"AlleGe0,AndeHu0,DoolJi0,DrisPa0,GibrAb0,HandPh0,JohnLu0,RonzGe0,ShauCl0,StydJo0,TurnCl0,WilsGe0",2025-09-09
2,BeliBi0,Bill Belichick,https://www.si.com/.image/ar_1:1%2Cc_fill%2Ccs_srgb%2Cfl_progressive%2Cq_auto:good%2Cw_1200/MjAzNDE4NjY5NzY0NTg0OTQx/df126a34-0b6a-4651-8aad-17b4b78a43fc.jpg,"ForzRi0,HudsTo0,MarcTe0,MillRe0,ParcBi0,PerkRa0","BateJi0,CrenRo0,DaboBr0,DowhRo0,FlorBr0,GrohAl0,HuntHa0,JudgJo0,MangEr0,MayoJe0,McDaJo0,OBriBi0,PatrMa0,SabaNi0,SchwJi0,VentRi0",2025-09-09
3,LandTo0,Tom Landry,,HoweJi0,"ArmsNe0,BerrRa0,DitkMi0,GillSi0,HickHo0,HughEd0,MackJo0,MeyeRo0,NolaDi0,ReevDa0,ShofJi0,StalGe0",2025-09-09
4,ReidAn0,Andy Reid,https://www.pro-football-reference.com/req/20230307/images/headshots/ReidAn0c_2019.jpg,HolmMi0,"BowlTo0,ChilBr0,CullDa0,DowhRo0,FrazLe0,HarbJo0,JaurDi0,McDeSe0,MornMa0,NagyMa0,PedeDo0,RiveRo0,ShurPa0,SpagSt0,ThomEm0",2025-09-09
5,LambCu0,Curly Lambeau,,,"BallHe0,HandPh0,IsbeCe0,KiesWa0,MillWa0,RamsGa0,SnydBo0",2025-09-09
6,BrowPa0,Paul Brown,https://www.pro-football-reference.com/req/20230307/images/headshots/BrowPa0c_2017.jpg,,"CollBl0,EwbaWe0,JohnBi0,StudCh0,WalsBi0",2025-09-09
7,SchoMa0,Marty Schottenheimer,,"ArnsBi0,ClarMo0,McVaJo0,RutiSa0","AriaBr0,BettTo0,CameCa0,ChudRo0,CowhBi0,CunnGu0,DungTo0,EdwaHe0,InfaLi0,JackHu0,McCaMi0,PhilWa0,SaunAl0,SchoBr0,ShelAr0,SparTo0,TresMa0",2025-09-09
8,NollCh0,Chuck Noll,,ShulDo0,"CarsBu0,DungTo0,FoxxJo0,HuntHa0,RustRo0,WaltJo0",2025-09-09
9,ReevDa0,Dan Reeves,,LandTo0,"AlleDe0,BerrRa0,BrooRi0,CollJo0,DowhRo0,GailCh0,NolaMi0,PhilWa0,ShanMi0,ShelAr0,ThomEm0",2025-09-09
10,KnoxCh0,Chuck Knox,https://www.pro-football-reference.com/req/20230307/images/headshots/KnoxCh0c_2017.jpg,SchmJo0,"BennLe0,FaulJa0,MalaRa0,MartMi0,MeyeKe0,ProcRa0,StepKa0,VermDi0,VittJo0",2025-09-09
11,FishJe0,Jeff Fisher,,"PardJa0,RobiJo0,RyanBu0,SeifGe0","BettTo0,CunnGu0,FassJo0,GilbKe0,McGiDa0,MuncMi0,SchoBr0,SchwJi0,SingMi0,StecLe0,WillGr0",2025-09-09
12,ParcBi0,Bill Parcells,https://www.pro-football-reference.com/req/20230307/images/headshots/ParcBi0c_2017.jpg,"ErhaRo0,PerkRa0","BeliBi0,BowlTo0,CougTo0,CrenRo0,ErhaRo0,GrohAl0,HaleTo0,HandRa0,HennDa0,KitcFr0,LynnAn0,MangEr0,PalmCh0,PaytSe0,PerkRa0,SparTo0,ZimmMi0",2025-09-09
13,CougTo0,Tom Coughlin,https://www.pro-football-reference.com/req/20230307/images/headshots/CougTo0c_2019.jpg,"BrunFr0,CampMa0,GregFo0,ParcBi0","CapeDo0,FewePe0,GanzFr0,GilbKe0,JaurDi0,KiffLa0,McAdBe0,MoelGa0,PalmCh0,PetrBo0,RhulMa0,RustRo0,SpagSt0,SparTo0",2025-09-09
14,ShanMi0,Mike Shanahan,https://www.pro-football-reference.com/req/20230307/images/headshots/ShanMi0c_2017.jpg,"ReevDa0,SeifGe0","BateJi0,HaslJi0,KubiGa0,LaFlMa0,LynnAn0,McDaMi0,McVaSe0,MorrRa0,RhodRa0,RobiTe0,ShanKy0,ShelAr0",2025-09-09
15,TomlMi0,Mike Tomlin,https://www.pro-football-reference.com/req/20230307/images/headshots/TomlMi0c_2020.jpg,"ChilBr0,DungTo0,GrudJo0","AriaBr0,FlorBr0,HaleTo0,LeBeDi0,MuncMi0,SmitAr0",2025-09-09
16,CarrPe0,Pete Carroll,https://www.pro-football-reference.com/req/20230307/images/headshots/CarrPe0c_2020.jpg,"BurnJe0,CoslBr0,GranBu0,SeifGe0,StepKa0","BeveDa0,BradGu0,CablTo0,CanaDa0,KellCh0,PhilJo0,QuinDa0,SaleRo0,SchoBr0,UlbrJe0",2025-09-09
17,HolmMi0,Mike Holmgren,https://www.pro-football-reference.com/req/20230307/images/headshots/HolmMi0c_2017.jpg,"SeifGe0,WalsBi0","GrudJo0,JaurDi0,MariSt0,MoraJi1,MornMa0,ReidAn0,RhodRa0,SherMi0,ZornJi0",2025-09-09
18,GranBu0,Bud Grant,https://www.pro-football-reference.com/req/20230307/images/headshots/GranBu00_USAT_1978.jpg,,"ArmsNe0,BurnJe0,CarrPe0,HollBo0,PateJa0,RyanBu0,StecLe0,TresMa0,WiggPa0",2025-09-09
19,McCaMi0,Mike McCarthy,https://www.pro-football-reference.com/req/20230307/images/headshots/McCaMi0c_2021.jpg,"HaslJi0,NolaMi0,RhodRa0,SchoMa0","CapeDo0,FassJo0,McAdBe0,MoorKe0,NolaMi0,PettMi0,PhilJo0,QuinDa0,SchoBr0,TomsJi0,ZimmMi0",2025-09-09
20,GibbJo0,Joe Gibbs,https://www.pro-football-reference.com/req/20230307/images/headshots/GibbJo0c_2017.jpg,"CoryDo0,McKaJo0","BugeJo0,DowhRo0,HaniJi0,HennDa0,PetiRi0,SaunAl0,SmitAr0,SpagSt0,ThomEm0,WilkSt0,WillGr0",2025-09-09
21,OwenSt0,Steve Owen,,DevoHu0,"PalmMi0,SherAl0",2025-09-09
22,PaytSe0,Sean Payton,,"FassJi0,ParcBi0,RhodRa0","AlleDe0,CampDa1,GlenAa0,JoseVa0,KromAa0,MarrDo0,NolaMi0,RizzDa0,TresMa0,VittJo0,WillGr0",2025-09-09
23,CowhBi0,Bill Cowher,,SchoMa0,"AriaBr0,CapeDo0,CullDa0,ErhaRo0,GailCh0,GilbKe0,HaslJi0,LeBeDi0,LewiMa0,MulaMi0,WhisKe0",2025-09-09
24,HarbJo0,John Harbaugh,https://www.pro-football-reference.com/req/20230307/images/headshots/HarbJo0c_2021.jpg,"ReidAn0,RhodRa0","CaldJi0,CameCa0,CullDa0,FangVi0,FrazLe0,JackHu0,KubiGa0,MacdMi0,MornMa0,PagaCh0,PettMi0,RosbJe0,RyanRe0,SaunAl0,SpagSt0,TresMa0,ZornJi0",2025-09-09
25,LevyMa0,Marv Levy,https://www.pro-football-reference.com/req/20230307/images/headshots/LevyMa0c_2017.jpg,"AlleGe0,WillJe0","GanzFr0,HennDa0,MarcTe0,PhilWa0,RingJi0,RossBo0,RustRo0,ShofJi0",2025-09-09
26,DungTo0,Tony Dungy,,"GreeDe0,NollCh0,SchoMa0","CaldJi0,EdwaHe0,FrazLe0,MariRo0,ReicFr0,SmitLo0,StecLe0,TomlMi0",2025-09-09
27,FoxxJo0,John Fox,https://www.pro-football-reference.com/req/20230307/images/headshots/FoxxJo0c_2017.jpg,"BrooRi0,CampDa1,FassJi0,NollCh0,ReicFr0,RossBo0,ShelAr0,WhitMi0","AlleDe0,CallBr0,DelRJa0,FangVi0,GaseAd0,HennDa0,McCoMi1,StalBr0,StudEr0,WillRi0",2025-09-09
28,LewiMa0,Marvin Lewis,https://www.pro-football-reference.com/req/20230307/images/headshots/LewiMa0c_2018.jpg,"BillBr0,CowhBi0,MarcTe0,PierAn0,SpurSt0","FrazLe0,GrudJa0,HaslJi0,JackHu0,JoseVa0,ZimmMi0",2025-09-09
29,StraHa0,Hank Stram,https://www.pro-football-reference.com/req/20230307/images/headshots/StraHa0c_2017.jpg,,"BettTo0,KotiRi0,NolaDi0,RutiSa0,StanDi0",2025-09-09
30,EwbaWe0,Weeb Ewbank,https://www.pro-football-reference.com/req/20230307/images/headshots/EwbaWe0c_2017.jpg,BrowPa0,"BallHe0,BileEd0,DaviAl0,HoloMi0,McCaDo0,MeyeKe0,MichWa0,RyanBu0,SandJo0,ShipKe0,ThomJo0,WinnCh0",2025-09-09
31,MoraJi0,Jim Mora,https://www.pro-football-reference.com/req/20230307/images/headshots/MoraJi0c_2017.jpg,"MeyeRo0,PateJa0","AriaBr0,CapeDo0,FangVi0,HaslJi0,MoraJi1,VentRi0",2025-09-09
32,GillSi0,Sid Gillman,https://www.pro-football-reference.com/req/20230307/images/headshots/GillSi0c_2017.jpg,"LandTo0,PardJa0,VermDi0","AlleGe0,BengPh0,BileEd0,FaulJa0,PetiRi0,PhilBu0,RymkLo0,ThomJo0,WallCh0,WateBo0",2025-09-09
33,DitkMi0,Mike Ditka,,LandTo0,"DelRJa0,DoolJi0,HughEd0,KuhlHa0,McGiDa0,RyanBu0,StanDi0,TobiVi0,VentRi0",2025-09-09
34,VermDi0,Dick Vermeil,https://www.pro-football-reference.com/req/20230307/images/headshots/VermDi0c_2017.jpg,"AlleGe0,KnoxCh0,ProtTo0","BrunFr0,CampMa0,CarsBu0,CunnGu0,GanzFr0,GillSi0,HaniJi0,HughEd0,MartMi0,MazuJo0,RalsJo0,RustRo0,SaunAl0,SchoBr0,VittJo0,WhitMi0",2025-09-09
35,GrudJo0,Jon Gruden,https://www.pro-football-reference.com/req/20230307/images/headshots/GrudJo0c_2017.jpg,"HolmMi0,RhodRa0,SeifGe0","BisaRi0,BradGu0,CablTo0,CallBi0,CallBr0,GrudJa0,HackNa0,KromAa0,MariRo0,McVaSe0,MorrRa0,ShanKy0,TomlMi0,TresMa0",2025-09-09
36,AlleGe0,George Allen,https://www.pro-football-reference.com/req/20230307/images/headshots/AlleGe0c_2017.jpg,"GillSi0,HalaGe0","AustBi0,CampMa0,LevyMa0,MarcTe0,McCoMi0,McCuPe0,PateJa0,ProcRa0,SchnHo0,VermDi0,WallCh0,WaltJo0,WinnCh0",2025-09-09
37,SeifGe0,George Seifert,https://www.pro-football-reference.com/req/20230307/images/headshots/SeifGe0c_2017.jpg,WalsBi0,"CarrPe0,FishJe0,GrudJo0,HolmMi0,KubiGa0,McCoMi1,RhodRa0,ShanMi0,TresMa0,WillRi0",2025-09-09
38,TurnNo0,Norv Turner,https://www.pro-football-reference.com/req/20230307/images/headshots/TurnNo0c_2018.jpg,"ChudRo0,JohnJi0,NolaMi0,PierAn0,RileMi0,RiveRo0,RobiJo0,WannDa0,ZimmMi0","BisaRi0,CameCa0,ChudRo0,HaniJi0,KromAa0,MartMi0,NolaMi0,PagaCh0,RhodRa0,RiveRo0,RobiTe0,SteiSh0,ThomEm0,WilkSt0",2025-09-09
39,GreeDe0,Dennis Green,https://www.pro-football-reference.com/req/20230307/images/headshots/GreeDe0c_2017.jpg,WalsBi0,"BillBr0,DungTo0,ThomEm0,TiceMi0",2025-09-09
40,CoryDo0,Don Coryell,https://www.pro-football-reference.com/req/20230307/images/headshots/CoryDo0c_2017.jpg,,"CunnGu0,DowhRo0,GibbJo0,GilmHa0,HaniJi0,MoraJi1,PardJa0,PerkRa0,SaunAl0,SmitJe0,WilsRa0",2025-09-09
41,ParkRa0,Buddy Parker,,"ConzJi0,HandPh0,KiesWa0,McMiAl0","GilmHa0,KiesWa0,McPeBi0,NixoMi0,RamsGa0,SkorNi0,WilsGe0",2025-09-09
42,MaddJo0,John Madden,https://www.pro-football-reference.com/req/20230307/images/headshots/MaddJo0c_2017.jpg,,"FlorTo0,HoloMi0,MalaRa0,RobiJo0,WilsRa0",2025-09-09
43,RiveRo0,Ron Rivera,,"ReidAn0,SmitLo0,TurnNo0,WannDa0","ChudRo0,DelRJa0,FewePe0,McDeSe0,TurnNo0,WilkSt0",2025-09-09
44,FlorTo0,Tom Flores,,"JohnHa0,MaddJo0","RobiTe0,ShelAr0,WilsRa0",2025-09-09
45,LombVi0,Vince Lombardi,https://www.pro-football-reference.com/req/20230307/images/headshots/LombVi0c_2017.jpg,HoweJi0,"AustBi0,BengPh0,BurnJe0,FearTo0,HeckNo0,McCoMi0,SvarHa0",2025-09-09
46,SabaLo0,Lou Saban,,,"CollJo0,DoolJi0,McPhDi0,RingJi0,RutiSa0",2025-09-09
47,DelRJa0,Jack Del Rio,,"BillBr0,DitkMi0,FoxxJo0,RiveRo0","CampDa0,KoetDi0,LynnAn0,SmitMi0,TiceMi0,TuckMe0,WillGr0",2025-09-09
48,SmitLo0,Lovie Smith,https://www.pro-football-reference.com/req/20230307/images/headshots/SmitLo0c_2021.jpg,"CullDa0,DungTo0,MartMi0","FewePe0,FrazLe0,KoetDi0,MariRo0,MartMi0,RiveRo0,TaboCh0,TiceMi0,WilkSt0",2025-09-09
49,WalsBi0,Bill Walsh,https://www.pro-football-reference.com/req/20230307/images/headshots/WalsBi0c_2017.jpg,"BrowPa0,ProtTo0","CoslBr0,GreeDe0,HeckNo0,HolmMi0,RhodRa0,SeifGe0,StudCh0,WhitMi0,WychSa0",2025-09-09
50,ShawLa0,Buck Shaw,https://www.pro-football-reference.com/req/20230307/images/headshots/ShawLa0c_2017.jpg,,"BengPh0,SkorNi0,WillJe0",2025-09-09
51,ConzJi0,Jimmy Conzelman,,,"HandPh0,ParkRa0,WalsCh0",2025-09-09
52,MarcTe0,Ted Marchibroda,,"AlleGe0,ArmsNe0,BrunFr0,CampMa0,ClarMo0,LevyMa0,McPeBi0","BeliBi0,BrunFr0,InfaLi0,KhayEd0,KuhlHa0,LewiMa0,MangEr0,McCuPe0,SchwJi0,SmitJe0,TobiVi0,VentRi0,VittJo0,WhisKe0",2025-09-09
53,PardJa0,Jack Pardee,,CoryDo0,"BettTo0,FishJe0,GilbKe0,GillSi0,MuncMi0,OConFr0,PalmCh0,PetiRi0,RyanBu0,WaltJo0,WillGr0",2025-09-09
54,GarrJa0,Jason Garrett,,"JudgJo0,PhilWa0,SabaNi0","BisaRi0,CallBi0,CampDa0,EberMa0,LineSc0,MariRo0,MoorKe0",2025-09-09
55,WychSa0,Sam Wyche,,"MulaMi0,WalsBi0","CoslBr0,CullDa0,JohnBi0,KhayEd0,LeBeDi0,MulaMi0,ShulDa0,StudCh0",2025-09-09
56,KubiGa0,Gary Kubiak,,"HarbJo0,SeifGe0,ShanMi0,ZimmMi0","CallBr0,JoseVa0,LaFlMa0,McDaMi0,PhilWa0,RhodRa0,SaleRo0,ShanKy0,SherMi0,StudEr0",2025-09-09
57,PhilBu0,Bum Phillips,https://www.pro-football-reference.com/req/20230307/images/headshots/PhilBu0c_2017.jpg,"GillSi0,SvarHa0,WallCh0","BileEd0,BugeJo0,PetiRi0,PhilWa0,ShipKe0",2025-09-09
58,PhilWa0,Wade Phillips,https://www.pro-football-reference.com/req/20230307/images/headshots/PhilWa0c_2018.jpg,"KubiGa0,LevyMa0,McVaSe0,PhilBu0,ReevDa0,RyanBu0,SchoMa0","AlleDe0,BowlTo0,CampDa0,FassJi0,GarrJa0,JoseVa0,SparTo0,StecLe0,ThomEm0",2025-09-09
59,WannDa0,Dave Wannstedt,https://www.pro-football-reference.com/req/20230307/images/headshots/WannDa0c_2017.jpg,"GailCh0,JohnJi0,SchiGr0","BateJi0,GailCh0,McGiDa0,RiveRo0,SchiGr0,StudEr0,TresMa0,TurnNo0",2025-09-09
60,AriaBr0,Bruce Arians,https://www.pro-football-reference.com/req/20230307/images/headshots/AriaBr0c_2017.jpg,"CowhBi0,DaviBu0,MoraJi0,PagaCh0,SchoMa0,TomlMi0,VentRi0","BowlTo0,KitcFr0",2025-09-09
61,BillBr0,Brian Billick,,GreeDe0,"DelRJa0,FangVi0,FassJi0,FassJo0,LewiMa0,NolaMi0,PettMi0,RyanRe0,SingMi0,SmitMi0",2025-09-09
62,FlahRa0,Ray Flaherty,,,"BergDu0,EdwaTu0",2025-09-09
63,JohnJi0,Jimmy Johnson,https://www.pro-football-reference.com/req/20230307/images/headshots/JohnJi0c_2017.jpg,,"ArmsNe0,CampDa0,DaviBu0,NolaDi0,ShulDa0,TurnNo0,WannDa0",2025-09-09
64,CollBl0,Blanton Collier,https://www.pro-football-reference.com/req/20230307/images/headshots/CollBl0c_2017.jpg,"BrowPa0,GregFo0","ModzDi0,SkorNi0",2025-09-09
65,GregFo0,Forrest Gregg,,"SkorNi0,SvarHa0,WallRo0","BerrRa0,BullHa0,CollBl0,CoslBr0,CougTo0,GanzFr0,InfaLi0,JaurDi0,LeBeDi0,ModzDi0",2025-09-09
66,RobiJo0,John Robinson,,MaddJo0,"BettTo0,FishJe0,TurnNo0",2025-09-09
67,RossBo0,Bobby Ross,https://www.pro-football-reference.com/req/20230307/images/headshots/RossBo0c_2017.jpg,LevyMa0,"ArnsBi0,FoxxJo0,MoelGa0,TresMa0,ZornJi0",2025-09-09
68,MariSt0,Steve Mariucci,https://www.pro-football-reference.com/req/20230307/images/headshots/MariSt0c_2017.jpg,HolmMi0,"GaseAd0,JaurDi0,MoraJi1,MornMa0,QuinDa0,RustRo0",2025-09-09
69,ZimmMi0,Mike Zimmer,https://www.pro-football-reference.com/req/20230307/images/headshots/ZimmMi0c_2021.jpg,"CampDa0,GailCh0,LewiMa0,McCaMi0,ParcBi0,PetrBo0,SwitBa0","CapeDo0,GannJo0,KubiGa0,ShurPa0,SparTo0,StefKe0,TurnNo0",2025-09-09
70,NolaDi0,Dick Nolan,,"BileEd0,JohnJi0,LandTo0,StraHa0","BrooRi0,HollBo0,HoloMi0,HughEd0,MeyeKe0,ShofJi0,StanDi0,WiggPa0",2025-09-09
71,WilsGe0,George Wilson,,"HalaGe0,McMiAl0,McPeBi0,ParkRa0","DoveBo0,McLeRa0,RamsGa0,ShulDo0",2025-09-09
72,FontWa0,Wayne Fontes,,"McKaJo0,RogeDa0","BerrRa0,BullHa0,GanzFr0,HennDa0,JoneJu0,ModzDi0",2025-09-09
73,SmitMi0,Mike Smith,https://www.pro-football-reference.com/req/20230307/images/headshots/SmitMi0c_2018.jpg,"BillBr0,DelRJa0,KoetDi0","KoetDi0,MulaMi0,NolaMi0,RobiTe0,ThomEm0,TiceMi0",2025-09-09
74,VanBNo0,Norm Van Brocklin,,,"BrunFr0,CampMa0,FaulJa0,GilmHa0",2025-09-09
75,ClarPo0,Potsy Clark,https://www.pro-football-reference.com/req/20230307/images/headshots/ClarPo0c_2017.jpg,,,2025-09-09
76,LemmWa0,Wally Lemm,https://www.pro-football-reference.com/req/20230307/images/headshots/LemmWa0c_2017.jpg,"IvyxPo0,RichRa0","DevoHu0,DrulCh0,ProcRa0",2025-09-09
77,NealGr0,Greasy Neale,https://www.pro-football-reference.com/req/20230307/images/headshots/NealGr0c_2017.jpg,,EwarCh0,2025-09-09
78,CaldJi0,Jim Caldwell,https://www.pro-football-reference.com/req/20230307/images/headshots/CaldJi0c_2017.jpg,"CanaDa0,DungTo0,FlorBr0,HarbJo0,ReicFr0","CallBr0,CunnGu0,ReicFr0",2025-09-09
79,McDeSe0,Sean McDermott,https://www.pro-football-reference.com/req/20230307/images/headshots/McDeSe0c_2018.jpg,"ReidAn0,RiveRo0","CullDa0,DaboBr0,FrazLe0,KromAa0,RobiTe0,TaboCh0",2025-09-09
80,RyanRe0,Rex Ryan,https://www.pro-football-reference.com/req/20230307/images/headshots/RyanRe0c_2019.jpg,"BillBr0,HarbJo0,RyanBu0","CallBi0,KromAa0,LynnAn0,MornMa0,PalmCh0,PettMi0,SchoBr0,SparTo0",2025-09-09
81,GlanJe0,Jerry Glanville,https://www.pro-football-reference.com/req/20230307/images/headshots/GlanJe0c_2017.jpg,"BennLe0,CampHu0,ForzRi0,HudsTo0","BettTo0,GilbKe0,JoneJu0,SabaNi0",2025-09-09
82,JaurDi0,Dick Jauron,,"CougTo0,GregFo0,HolmMi0,InfaLi0,MariSt0,ReidAn0,ShurPa0,StepKa0","FewePe0,GaseAd0,HackNa0,HaleTo0,MoelGa0,StudEr0",2025-09-09
83,McVaSe0,Sean McVay,https://www.pro-football-reference.com/req/20230307/images/headshots/McVaSe0c_2021.jpg,"GrudJa0,GrudJo0,ShanMi0","BrowTh0,CoenLi0,FassJo0,GrudJa0,KromAa0,LaFlMa0,MorrRa0,OConKe0,PhilWa0,SmitGi0,StalBr0,TaylZa0",2025-09-09
84,ChamGu0,Guy Chamberlin,,,YounSw0,2025-09-09
85,FassJi0,Jim Fassel,https://www.pro-football-reference.com/req/20230307/images/headshots/FassJi0c_2017.jpg,"BillBr0,HandRa0,PhilWa0,TobiVi0","DowhRo0,FoxxJo0,PaytSe0,RustRo0,StudEr0",2025-09-09
86,KuhaJo0,Joe Kuharich,,SuthJo0,"BallHe0,BrunFr0,MillWa0,NixoMi0,StanDi0",2025-09-09
87,SherAl0,Allie Sherman,,"HoweJi0,OwenSt0","IvyxPo0,PateJa0,SvarHa0,TrimJi0,WebsAl0",2025-09-09
88,SherMi0,Mike Sherman,https://www.pro-football-reference.com/req/20230307/images/headshots/SherMi0c_2017.jpg,"HolmMi0,KubiGa0,PhilJo0","BateJi0,BeveDa0,PhilJo0,TobiVi0",2025-09-09
89,ShelAr0,Art Shell,,"FlorTo0,ReevDa0,SchoMa0,ShanMi0","CunnGu0,FoxxJo0,HaslJi0,PagaCh0,RobiTe0,WhitMi0",2025-09-09
90,RyanBu0,Buddy Ryan,https://www.pro-football-reference.com/req/20230307/images/headshots/RyanBu0c_2017.jpg,"ArmsNe0,DitkMi0,EwbaWe0,GranBu0,PardJa0,WinnCh0","BettTo0,FishJe0,HughEd0,KotiRi0,PhilWa0,RyanRe0",2025-09-09
91,EdwaHe0,Herm Edwards,,"DungTo0,SchoMa0","CunnGu0,GailCh0,MarrDo0",2025-09-09
92,MeyeRo0,Ron Meyer,https://www.pro-football-reference.com/req/20230307/images/headshots/MeyeRo0c_2017.jpg,LandTo0,"MoraJi0,RustRo0,VentRi0",2025-09-09
93,HoweJi0,Jim Lee Howell,,,"LandTo0,LombVi0,SherAl0,SvarHa0",2025-09-09
94,MartMi0,Mike Martz,https://www.pro-football-reference.com/req/20230307/images/headshots/MartMi0c_2017.jpg,"BrooRi0,KnoxCh0,MariRo0,NolaMi0,SmitLo0,TurnNo0,VermDi0","FewePe0,HaniJi0,SaunAl0,SmitLo0,VittJo0",2025-09-09
95,PagaCh0,Chuck Pagano,https://www.pro-football-reference.com/req/20230307/images/headshots/PagaCh0c_2020.jpg,"DaviBu0,HarbJo0,NagyMa0,ShelAr0,TurnNo0","AriaBr0,ChudRo0,PhilJo0,SchoBr0",2025-09-09
96,WaltJo0,Joe Walton,,"AlleGe0,MichWa0,NollCh0,PardJa0,WebsAl0","AustBi0,CarsBu0,KotiRi0,RingJi0",2025-09-09
97,BurnJe0,Jerry Burns,https://www.pro-football-reference.com/req/20230307/images/headshots/BurnJe0c_2017.jpg,"GranBu0,LombVi0,StecLe0","CarrPe0,TresMa0,WiggPa0",2025-09-09
98,HoloMi0,Mike Holovak,,"EwbaWe0,MaddJo0,NolaDi0,WinnCh0","HennDa0,MichWa0",2025-09-09
99,OBriBi0,Bill O'Brien,https://www.pro-football-reference.com/req/20230307/images/headshots/OBriBi0c_2018.jpg,BeliBi0,"CrenRo0,VrabMi0",2025-09-09
100,ShanKy0,Kyle Shanahan,https://www.pro-football-reference.com/req/20230307/images/headshots/ShanKy0c_2021.jpg,"GrudJo0,KubiGa0,PettMi0,QuinDa0,ShanMi0","BradGu0,LynnAn0,McDaMi0,RyanDe0,SaleRo0,StalBr0,WilkSt0",2025-09-09
101,StarBa0,Bart Starr,,DeviDa0,LeBeDi0,2025-09-09
102,AndrRo0,Roy Andrews,,,,2025-09-09
103,ClarMo0,Monte Clark,,ShulDo0,"JohnBi0,KhayEd0,MarcTe0,SchoMa0",2025-09-09
104,PedeDo0,Doug Pederson,,ReidAn0,"McCoMi1,MornMa0,ReicFr0,SchwJi0",2025-09-09
105,BennLe0,Leeman Bennett,https://www.pro-football-reference.com/req/20230307/images/headshots/BennLe0c_2017.jpg,"HollBo0,KnoxCh0,SchmJo0,WinnCh0","GlanJe0,NortJo0",2025-09-09
106,BerrRa0,Raymond Berry,,"ErhaRo0,FairCh0,FontWa0,ForzRi0,GregFo0,LandTo0,McCaDo0,ReevDa0","KhayEd0,RustRo0,StecLe0",2025-09-09
107,CapeDo0,Dom Capers,https://www.pro-football-reference.com/req/20230307/images/headshots/CapeDo0c_2017.jpg,"CameCa0,CampDa1,CanaDa0,CougTo0,CowhBi0,HackNa0,MarrDo0,McCaMi0,MoraJi0,ReicFr0,SabaNi0,ZimmMi0","FangVi0,PalmCh0,SaleRo0,WillRi0",2025-09-09
108,VrabMi0,Mike Vrabel,,"OBriBi0,StefKe0","BrowTh0,HaslJi0,LaFlMa0,MarrDo0,McAdBe0,McDaJo0,SchwJi0,SmitAr0",2025-09-09
109,WhisKe0,Ken Whisenhunt,,"CowhBi0,GrohAl0,LynnAn0,MarcTe0,McCoMi1,PalmCh0","HaleTo0,KitcFr0,LeBeDi0,MulaMi0,ReicFr0,SmitAr0,SmitGi0",2025-09-09
110,CoslBr0,Bruce Coslet,,"CampDa0,GregFo0,ShulDa0,WalsBi0,WychSa0","CarrPe0,LeBeDi0,MoelGa0",2025-09-09
111,HaslJi0,Jim Haslett,,"CowhBi0,GrudJa0,LewiMa0,LineSc0,MoraJi0,ShanMi0,ShelAr0,VentRi0,VrabMi0","McAdBe0,McCaMi0,RileMi0,SaunAl0,VentRi0",2025-09-09
112,LaFlMa0,Matt LaFleur,https://www.pro-football-reference.com/req/20230307/images/headshots/LaFlMa0c_2021.jpg,"KubiGa0,McVaSe0,QuinDa0,ShanMi0,VrabMi0","BisaRi0,HackNa0,PettMi0",2025-09-09
113,RutiSa0,Sam Rutigliano,https://www.pro-football-reference.com/req/20230307/images/headshots/RutiSa0c_2017.jpg,"BengPh0,FairCh0,MazuJo0,SabaLo0,StraHa0,WinnCh0","KotiRi0,McPhDi0,SchoMa0,ShofJi0",2025-09-09
114,FairCh0,Chuck Fairbanks,https://www.pro-football-reference.com/req/20230307/images/headshots/FairCh0c_2017.jpg,,"BerrRa0,BullHa0,ErhaRo0,MillRe0,PerkRa0,RingJi0,RutiSa0",2025-09-09
115,SkorNi0,Nick Skorich,,"CollBl0,KiesWa0,McLeRa0,ParkRa0,ShawLa0","GregFo0,ModzDi0,ProcRa0,SmitJe0,WillJe0",2025-09-09
116,HarbJi0,Jim Harbaugh,,CallBi0,"FangVi0,MangEr0,PalmCh0,TomsJi0,TresMa0",2025-09-09
117,MalaRa0,Ray Malavasi,https://www.pro-football-reference.com/req/20230307/images/headshots/MalaRa0c_2017.jpg,"KnoxCh0,MaddJo0,RaucJo0","CarsBu0,FaulJa0,RingJi0,WallCh0",2025-09-09
118,McKaJo0,John McKay,https://www.pro-football-reference.com/req/20230307/images/headshots/McKaJo0c_2017.jpg,,"FontWa0,GibbJo0,GibrAb0,JohnBi0,RaucJo0",2025-09-09
119,WinnCh0,Charley Winner,https://www.pro-football-reference.com/req/20230307/images/headshots/WinnCh0c_2017.jpg,"AlleGe0,EwbaWe0,JohnBi0,RiceHo0,ShulDo0","BennLe0,DrulCh0,ForzRi0,GilmHa0,HoloMi0,MillRe0,RutiSa0,RyanBu0,ShipKe0",2025-09-09
120,QuinDa0,Dan Quinn,https://www.pro-football-reference.com/req/20230307/images/headshots/QuinDa0c_2018.jpg,"CarrPe0,EricDe0,MangEr0,MariSt0,McCaMi0,MoraJi1,SabaNi0","KingKl0,KoetDi0,LaFlMa0,LynnAn0,McDaMi0,MorrRa0,MulaMi0,RobiTe0,ShanKy0,UlbrJe0",2025-09-09
121,SchmJo0,Joe Schmidt,https://www.pro-football-reference.com/req/20230307/images/headshots/SchmJo00_USAT_1960.jpg,GilmHa0,"BennLe0,KnoxCh0,McPeBi0,NortJo0",2025-09-09
122,PerkRa0,Ray Perkins,,"BugeJo0,CoryDo0,FairCh0,PalmCh0,ParcBi0,ProtTo0","AustBi0,BeliBi0,BrunFr0,CrenRo0,ErhaRo0,ParcBi0,TresMa0,WillRi0",2025-09-09
123,EricDe0,Dennis Erickson,https://www.pro-football-reference.com/req/20230307/images/headshots/EricDe0c_2017.jpg,,"MoraJi1,QuinDa0,ZornJi0",2025-09-09
124,KotiRi0,Rich Kotite,,"RutiSa0,RyanBu0,StraHa0,WaltJo0","CarsBu0,ErhaRo0",2025-09-09
125,MillRe0,Red Miller,https://www.pro-football-reference.com/req/20230307/images/headshots/MillRe0c_2017.jpg,"FairCh0,McCaDo0,SandJo0,WinnCh0","BeliBi0,CollJo0,DowhRo0",2025-09-09
126,RaucJo0,John Rauch,,"CampMa0,KhayEd0,McKaJo0,PeppPa0,WillJe0",MalaRa0,2025-09-09
127,ReicFr0,Frank Reich,,"CaldJi0,DungTo0,McCoMi1,PedeDo0,WhisKe0","BradGu0,BrowTh0,CaldJi0,CapeDo0,EberMa0,FoxxJo0,GannJo0,SatuJe0,SiriNi0,TaboCh0",2025-09-09
128,SwitBa0,Barry Switzer,https://www.pro-football-reference.com/req/20230307/images/headshots/SwitBa0c_2017.jpg,,"BateJi0,CampDa0,DaviBu0,ZimmMi0",2025-09-09
129,ChilBr0,Brad Childress,https://www.pro-football-reference.com/req/20230307/images/headshots/ChilBr0c_2019.jpg,"DowhRo0,NagyMa0,ReidAn0,ShurPa0","BeveDa0,FrazLe0,StefKe0,TomlMi0",2025-09-09
130,HaniJi0,Jim Hanifan,https://www.pro-football-reference.com/req/20230307/images/headshots/HaniJi0c_2017.jpg,"CampMa0,CoryDo0,GibbJo0,MartMi0,PetiRi0,TurnNo0,VermDi0,WilkBu0","BettTo0,BrunFr0,DowhRo0,GilmHa0,SmitJe0,ThomEm0",2025-09-09
131,MichWa0,Walt Michaels,,"EwbaWe0,HoloMi0,HoltLo0,KhayEd0,McCoMi0","HennDa0,MazuJo0,McCuPe0,WaltJo0",2025-09-09
132,HennDa0,Dan Henning,,"FontWa0,FoxxJo0,GibbJo0,GrohAl0,HoloMi0,HoltLo0,LevyMa0,MichWa0,ParcBi0,PeteBi0,ShulDo0,SparTo0","BrunFr0,CampMa0,ChriJa0,CunnGu0,MoraJi1",2025-09-09
133,MarrDo0,Doug Marrone,,"AlleDe0,BradGu0,EdwaHe0,PaytSe0,VrabMi0","CapeDo0,FewePe0,GrudJa0,HackNa0,McAdBe0,PettMi0,RobiTe0,SaleRo0,SchwJi0",2025-09-09
134,RhodRa0,Ray Rhodes,,"HolmMi0,KubiGa0,SeifGe0,ShanMi0,ShurPa0,TurnNo0,WalsBi0","CallBi0,GrudJo0,HarbJo0,McCaMi0,PaytSe0,ThomEm0,VittJo0",2025-09-09
135,InfaLi0,Lindy Infante,https://www.pro-football-reference.com/req/20230307/images/headshots/InfaLi0c_2017.jpg,"GregFo0,MarcTe0,McVaJo0,SchoMa0","BrunFr0,BullHa0,JaurDi0,KuhlHa0",2025-09-09
136,MulaMi0,Mike Mularkey,,"CameCa0,CowhBi0,QuinDa0,SabaNi0,SmitMi0,WhisKe0,WychSa0","LeBeDi0,RobiTe0,SmitAr0,SmitGi0,StudEr0,TuckMe0,WychSa0",2025-09-09
137,GrudJa0,Jay Gruden,https://www.pro-football-reference.com/req/20230307/images/headshots/GrudJa0c_2020.jpg,"GrudJo0,LewiMa0,MarrDo0,McVaSe0","CallBi0,FewePe0,HaslJi0,McVaSe0,MorrRa0,OConKe0,TomsJi0",2025-09-09
138,PateJa0,Jack Patera,,"AlleGe0,GranBu0,SherAl0,SvarHa0","ChriJa0,HollBo0,MoraJi0,VittJo0",2025-09-09
139,ProtTo0,Tommy Prothro,https://www.pro-football-reference.com/req/20230307/images/headshots/ProtTo0c_2017.jpg,,"BrooRi0,PerkRa0,SmitJe0,VermDi0,WalsBi0",2025-09-09
140,BowlTo0,Todd Bowles,,"AriaBr0,DaviBu0,GrohAl0,ParcBi0,PhilWa0,ReidAn0,SparTo0","CampDa1,CanaDa0,CoenLi0,DaboBr0,GailCh0,NolaMi0,RizzDa0",2025-09-09
141,CampMa0,Marion Campbell,,"AlleGe0,HennDa0,VanBNo0,VermDi0","BrunFr0,CougTo0,DowhRo0,GanzFr0,GilmHa0,GrohAl0,HaniJi0,KhayEd0,MarcTe0,RaucJo0",2025-09-09
142,GailCh0,Chan Gailey,https://www.pro-football-reference.com/req/20230307/images/headshots/GailCh0c_2020.jpg,"BowlTo0,CowhBi0,EdwaHe0,FlorBr0,ReevDa0,WannDa0","BateJi0,CampDa0,SmitGi0,WannDa0,ZimmMi0",2025-09-09
143,HughTo0,Tommy Hughitt,,,,2025-09-09
144,NagyMa0,Matt Nagy,https://www.pro-football-reference.com/req/20230307/images/headshots/NagyMa0c_2021.jpg,ReidAn0,"ChilBr0,FangVi0,PagaCh0,PettMi0,StalBr0,TaboCh0",2025-09-09
145,RalsJo0,John Ralston,https://www.pro-football-reference.com/req/20230307/images/headshots/RalsJo0c_2017.jpg,VermDi0,CollJo0,2025-09-09
146,LynnAn0,Anthony Lynn,,"CampDa1,CrenRo0,DelRJa0,ParcBi0,QuinDa0,RyanRe0,ShanKy0,ShanMi0","BradGu0,KromAa0,PalmCh0,SiriNi0,SmitGi0,SteiSh0,WhisKe0",2025-09-09
147,MangEr0,Eric Mangini,https://www.pro-football-reference.com/req/20230307/images/headshots/MangEr0c_2019.jpg,"BeliBi0,HarbJi0,MarcTe0,ParcBi0,TomsJi0","CallBi0,DaboBr0,EberMa0,QuinDa0,SchoBr0",2025-09-09
148,RaucDi0,Dick Rauch,,,,2025-09-09
149,CrenRo0,Romeo Crennel,https://www.pro-football-reference.com/req/20230307/images/headshots/CrenRo0c_2020.jpg,"BeliBi0,CullDa0,HaleTo0,HandRa0,OBriBi0,PalmCh0,ParcBi0,PerkRa0","ChudRo0,DaboBr0,LynnAn0,RobiTe0,RosbJe0,SiriNi0,ThomEm0,TuckMe0,ZornJi0",2025-09-09
150,GaseAd0,Adam Gase,https://www.pro-football-reference.com/req/20230307/images/headshots/GaseAd0c_2018.jpg,"FoxxJo0,MariRo0,MariSt0,McDaJo0,NolaMi0","JohnBe0,JoseVa0,RizzDa0,StudEr0,VittJo0,WillGr0",2025-09-09
151,IvyxPo0,Pop Ivy,,"SherAl0,WebsAl0","DrulCh0,LemmWa0,ProcRa0,WilsRa0",2025-09-09
152,SparTo0,Tony Sparano,https://www.pro-football-reference.com/req/20230307/images/headshots/SparTo0c_2017.jpg,"AlleDe0,CougTo0,PalmCh0,ParcBi0,PhilWa0,RyanRe0,SchoMa0,TomsJi0,ZimmMi0","BowlTo0,CampDa1,DaboBr0,HennDa0,NolaMi0,RizzDa0,SaunAl0",2025-09-09
153,TiceMi0,Mike Tice,,"DelRJa0,GreeDe0,SmitLo0,SmitMi0","LineSc0,ThomEm0",2025-09-09
154,DrisPa0,Paddy Driscoll,,"AndeHu0,HalaGe0,JohnLu0","HandPh0,JohnLu0,ShauCl0,TurnCl0",2025-09-09
155,MoraJi1,Jim Mora,https://www.pro-football-reference.com/req/20230307/images/headshots/MoraJi1c_2017.jpg,"CoryDo0,EricDe0,HennDa0,HolmMi0,MariSt0,MoraJi0,SaunAl0,VentRi0","AlleDe0,BradGu0,CablTo0,QuinDa0,ThomEm0",2025-09-09
156,ArmsNe0,Neill Armstrong,,"GranBu0,JohnJi0,LandTo0","DoolJi0,KuhlHa0,MarcTe0,MeyeKe0,RyanBu0,StanDi0",2025-09-09
157,ClarDu0,Dutch Clark,,,WalsCh0,2025-09-09
158,KiesWa0,Walt Kiesling,,"BachJo0,BlooJo0,LambCu0,MichJo0,ParkRa0","BallHe0,LeonJi0,McPeBi0,ParkRa0,RonzGe0,SkorNi0,SnydBo0",2025-09-09
159,MackJo0,John Mackovic,,LandTo0,"CarsBu0,GanzFr0,McCuPe0,WillRi0",2025-09-09
160,McCoMi0,Mike McCormack,,"AlleGe0,AustBi0,GrahOt0,JohnBi0,LombVi0,RiceHo0","ChriJa0,KhayEd0,LeBeDi0,MazuJo0,MichWa0,SandJo0,VittJo0",2025-09-09
161,SchwJi0,Jim Schwartz,https://www.pro-football-reference.com/req/20230307/images/headshots/SchwJi0c_2017.jpg,"BeliBi0,FishJe0,MarcTe0,MarrDo0,PedeDo0,StefKe0,VrabMi0","CunnGu0,LineSc0",2025-09-09
162,WebsAl0,Alex Webster,,SherAl0,"HeckNo0,IvyxPo0,WaltJo0",2025-09-09
163,KellCh0,Chip Kelly,https://www.pro-football-reference.com/req/20230307/images/headshots/KellCh0c_2017.jpg,CarrPe0,"OConKe0,ShurPa0",2025-09-09
164,KingKl0,Kliff Kingsbury,,QuinDa0,JoseVa0,2025-09-09
165,McCaDo0,Don McCafferty,,"EwbaWe0,ShulDo0","BerrRa0,BullHa0,ForzRi0,HollBo0,KhayEd0,MillRe0,RymkLo0,SandJo0",2025-09-09
166,SuthJo0,Jock Sutherland,,,"GettMi0,KuhaJo0,MichJo0,NixoMi0",2025-09-09
167,TaylZa0,Zac Taylor,https://www.pro-football-reference.com/req/20230307/images/headshots/TaylZa0c_2021.jpg,"McVaSe0,PhilJo0",CallBr0,2025-09-09
168,TobiVi0,Vince Tobin,,"DitkMi0,MarcTe0,MornMa0,SherMi0","FassJi0,KuhlHa0,McGiDa0,TresMa0",2025-09-09
169,HickHo0,Red Hickey,,"AlbeFr0,LandTo0,PoolHa0,ShauCl0,StraNo0,StydJo0","ChriJa0,JohnBi0",2025-09-09
170,McCoMi1,Mike McCoy,https://www.pro-football-reference.com/req/20230307/images/headshots/McCoMi1c_2018.jpg,"CallBr0,FoxxJo0,JoseVa0,McDaJo0,PedeDo0,SeifGe0,WilkSt0","NolaMi0,ReicFr0,SiriNi0,SmitGi0,SteiSh0,WhisKe0",2025-09-09
171,ChriJa0,Jack Christiansen,,"HennDa0,HickHo0,McCoMi0,PateJa0,WiggPa0","JohnBi0,ShofJi0",2025-09-09
172,DeGrDu0,Dudley DeGroot,,,EdwaTu0,2025-09-09
173,PhilJo0,Joe Philbin,https://www.pro-football-reference.com/req/20230307/images/headshots/PhilJo0c_2018.jpg,"CarrPe0,McCaMi0,PagaCh0,PierAn0,SherMi0","CampDa1,JohnBe0,PettMi0,RizzDa0,SaunAl0,SherMi0,TaylZa0",2025-09-09
174,PoolHa0,Hampton Pool,,"StydJo0,SvarHa0,WateBo0","HickHo0,RichRa0,WateBo0",2025-09-09
175,StefKe0,Kevin Stefanski,https://www.pro-football-reference.com/req/20230307/images/headshots/StefKe0c_2021.jpg,"ChilBr0,FrazLe0,ZimmMi0","CallBi0,SchwJi0,VrabMi0",2025-09-09
176,DeviDa0,Dan Devine,,,"KuhlHa0,StarBa0",2025-09-09
177,TrimJi0,Jim Trimble,,"McMiAl0,MillWa0,SherAl0",DrulCh0,2025-09-09
178,BugeJo0,Joe Bugel,https://www.pro-football-reference.com/req/20230307/images/headshots/BugeJo0c_2017.jpg,"ForzRi0,GibbJo0,GilbKe0,HudsTo0,PhilBu0,RileMi0,WhitMi0,ZornJi0",PerkRa0,2025-09-09
179,DaviBu0,Butch Davis,https://www.pro-football-reference.com/req/20230307/images/headshots/DaviBu0c_2017.jpg,"JohnJi0,SchiGr0,SwitBa0","AriaBr0,BowlTo0,CampDa0,ChudRo0,PagaCh0,RobiTe0,RosbJe0",2025-09-09
180,FlorBr0,Brian Flores,https://www.pro-football-reference.com/req/20230307/images/headshots/FlorBr0c_2020.jpg,"BeliBi0,OConKe0,TomlMi0","CaldJi0,GailCh0,StudEr0",2025-09-09
181,JoneRa0,Ralph Jones,,,,2025-09-09
182,StraNo0,Red Strader,,,"AlbeFr0,BengPh0,HickHo0",2025-09-09
183,AndeHu0,Hunk Anderson,,"HalaGe0,HendGu0",DrisPa0,2025-09-09
184,DaviAl0,Al Davis,https://www.pro-football-reference.com/req/20230307/images/headshots/DaviAl0.jpg,EwbaWe0,,2025-09-09
185,JohnLu0,Luke Johnsos,,"DoolJi0,DrisPa0,HalaGe0",DrisPa0,2025-09-09
186,SiriNi0,Nick Sirianni,https://www.pro-football-reference.com/req/20230307/images/headshots/SiriNi0c_2021.jpg,"CrenRo0,HaleTo0,LynnAn0,McCoMi1,ReicFr0","FangVi0,GannJo0,MoorKe0,PatrMa0,SteiSh0",2025-09-09
187,StalGe0,Gene Stallings,https://www.pro-football-reference.com/req/20230307/images/headshots/StalGe0c_2017.jpg,LandTo0,"KuhlHa0,ShofJi0",2025-09-09
188,JoneJu0,June Jones,,"FontWa0,GilbKe0,GlanJe0","BateJi0,BugeJo0,GanzFr0,RustRo0",2025-09-09
189,MuncMi0,Mike Munchak,,"FangVi0,FishJe0,PardJa0,TomlMi0","GannJo0,McGiDa0,PalmCh0,SmitAr0,WillGr0",2025-09-09
190,WillGr0,Gregg Williams,https://www.pro-football-reference.com/req/20230307/images/headshots/WillGr0c_2020.jpg,"DelRJa0,FishJe0,GaseAd0,GibbJo0,JackHu0,MuncMi0,PardJa0,PaytSe0","GilbKe0,HaleTo0,KitcFr0,LeBeDi0,StecLe0",2025-09-09
191,BachJo0,Joe Bach,,"DoraGu0,EwarCh0,SmitCl0","DoraGu0,KiesWa0,MoleKe0",2025-09-09
192,BengPh0,Phil Bengtson,,"AlbeFr0,GillSi0,LombVi0,ShawLa0,StraNo0,SvarHa0",RutiSa0,2025-09-09
193,ErhaRo0,Ron Erhardt,,"CowhBi0,FairCh0,HandRa0,KotiRi0,ParcBi0,PerkRa0","BerrRa0,BullHa0,ParcBi0,RingJi0",2025-09-09
194,FrazLe0,Leslie Frazier,,"ChilBr0,DungTo0,HarbJo0,LewiMa0,MacdMi0,McDeSe0,ReidAn0,SmitLo0","BeveDa0,SingMi0,StefKe0",2025-09-09
195,McPeBi0,Bill McPeak,,"KiesWa0,NixoMi0,ParkRa0,SchmJo0,ShulDo0","GibrAb0,HughEd0,MarcTe0,WilsGe0,WilsRa0",2025-09-09
196,MorrRa0,Raheem Morris,https://www.pro-football-reference.com/req/20230307/images/headshots/MorrRa0c_2021.jpg,"GrudJa0,GrudJo0,McVaSe0,QuinDa0,ShanMi0","BateJi0,BisaRi0,KoetDi0,UlbrJe0",2025-09-09
197,SvarHa0,Harland Svare,,"AustBi0,HoweJi0,LombVi0,SherAl0","AustBi0,BengPh0,GregFo0,PateJa0,PhilBu0,PoolHa0,WallCh0,WallRo0",2025-09-09
198,DoolJi0,Jim Dooley,,"ArmsNe0,DitkMi0,HalaGe0,SabaLo0","AustBi0,GibrAb0,JohnLu0,RingJi0",2025-09-09
199,DoraGu0,Gus Dorais,,BachJo0,"BachJo0,CawtPe0",2025-09-09
200,MichJo0,John Michelosen,,SuthJo0,"KiesWa0,NixoMi0",2025-09-09
201,StydJo0,Joe Stydahar,,"HalaGe0,ShauCl0,SnydBo0","HeinMe0,HickHo0,NixoMi0,PoolHa0,RichRa0",2025-09-09
202,AlbeFr0,Frankie Albert,,StraNo0,"BengPh0,HickHo0,JohnBi0",2025-09-09
203,DawsRe0,Red Dawson,,,,2025-09-09
204,FangVi0,Vic Fangio,https://www.pro-football-reference.com/req/20230307/images/headshots/FangVi0c_2021.jpg,"BillBr0,CapeDo0,FoxxJo0,HarbJi0,HarbJo0,McDaMi0,MoraJi0,NagyMa0,SiriNi0","MuncMi0,ShurPa0,StalBr0",2025-09-09
205,HaleTo0,Todd Haley,https://www.pro-football-reference.com/req/20230307/images/headshots/HaleTo0c_2018.jpg,"GrohAl0,JackHu0,JaurDi0,ParcBi0,TomlMi0,WhisKe0","CrenRo0,SiriNi0,ThomEm0,ZornJi0",2025-09-09
206,KoetDi0,Dirk Koetter,https://www.pro-football-reference.com/req/20230307/images/headshots/KoetDi0c_2018.jpg,"DelRJa0,QuinDa0,SmitLo0,SmitMi0",SmitMi0,2025-09-09
207,ShulDa0,David Shula,,"JohnJi0,ShulDo0,WychSa0","CoslBr0,MoelGa0,WillRi0",2025-09-09
208,ShurPa0,Pat Shurmur,https://www.pro-football-reference.com/req/20230307/images/headshots/ShurPa0c_2021.jpg,"FangVi0,KellCh0,ReidAn0,SpagSt0,ZimmMi0","ChilBr0,JaurDi0,RhodRa0,TaboCh0",2025-09-09
209,StalBr0,Brandon Staley,https://www.pro-football-reference.com/req/20230307/images/headshots/StalBr0c_2021.jpg,"FangVi0,FoxxJo0,McVaSe0,MoorKe0,NagyMa0,ShanKy0","MoorKe0,SmitGi0",2025-09-09
210,BaugSa0,Sammy Baugh,,GilmHa0,,2025-09-09
211,CallBi0,Bill Callahan,https://www.pro-football-reference.com/req/20230307/images/headshots/CallBi0c_2017.jpg,"CallBr0,GarrJa0,GrudJa0,GrudJo0,MangEr0,RhodRa0,RyanRe0,StefKe0","HarbJi0,KromAa0,OConKe0,TomsJi0,TresMa0",2025-09-09
212,JohnBi0,Bill Johnson,,"AlbeFr0,BrowPa0,ChriJa0,ClarMo0,HickHo0,McKaJo0,WychSa0","McCoMi0,StudCh0,WinnCh0",2025-09-09
213,NolaMi0,Mike Nolan,https://www.pro-football-reference.com/req/20230307/images/headshots/NolaMi0c_2020.jpg,"BillBr0,GrohAl0,McCaMi0,McCoMi1,McDaJo0,PaytSe0,ReevDa0,SmitMi0,SparTo0,TurnNo0","GaseAd0,JoseVa0,MartMi0,McAdBe0,McCaMi0,SingMi0,TomsJi0,TurnNo0",2025-09-09
214,RogeDa0,Darryl Rogers,,,"FontWa0,ModzDi0",2025-09-09
215,SingMi0,Mike Singletary,,"BillBr0,FishJe0,FrazLe0,NolaMi0","GaseAd0,JoseVa0,MartMi0,TomsJi0",2025-09-09
216,AustBi0,Bill Austin,,"AlleGe0,DoolJi0,HollBo0,LombVi0,PerkRa0,SvarHa0,WaltJo0","McCoMi0,SvarHa0,TaylHu0",2025-09-09
217,BlacLi0,Lisle Blackbourn,,,"McLeRa0,RymkLo0",2025-09-09
218,CablTo0,Tom Cable,https://www.pro-football-reference.com/req/20230307/images/headshots/CablTo0c_2017.jpg,"CarrPe0,GrudJo0,KiffLa0,MoraJi1","FassJo0,JackHu0",2025-09-09
219,CampDa1,Dan Campbell,,"PaytSe0,PhilJo0,SparTo0","CapeDo0,FoxxJo0,GlenAa0,JohnBe0,LynnAn0,RizzDa0,SaunAl0,TaylZa0",2025-09-09
220,GrahOt0,Otto Graham,,,"HughEd0,McCoMi0",2025-09-09
221,McDaJo0,Josh McDaniels,https://www.pro-football-reference.com/req/20230307/images/headshots/McDaJo0c_2017.jpg,"BeliBi0,SpagSt0,VrabMi0","CallBr0,GaseAd0,McCoMi1,NolaMi0,PierAn0,StudEr0",2025-09-09
222,McGiDa0,Dave McGinnis,https://www.pro-football-reference.com/req/20230307/images/headshots/McGiDa0c_2017.jpg,"DitkMi0,FishJe0,MuncMi0,TobiVi0,WannDa0","KuhlHa0,TresMa0",2025-09-09
223,SaunAl0,Al Saunders,,"AlleDe0,CoryDo0,GibbJo0,HarbJo0,JackHu0,LineSc0,MartMi0,PhilJo0,SchoMa0,VermDi0","CunnGu0,MoraJi1",2025-09-09
224,ScanDe0,Dewey Scanlon,,,,2025-09-09
225,BarrNo0,Norm Barry,,,,2025-09-09
226,CreiMi0,Milan Creighton,,,HandPh0,2025-09-09
227,CunnGu0,Gunther Cunningham,https://www.pro-football-reference.com/req/20230307/images/headshots/CunnGu0c_2017.jpg,"CaldJi0,CoryDo0,EdwaHe0,FishJe0,HennDa0,HuntHa0,KushFr0,SaunAl0,SchoMa0,SchwJi0,ShelAr0,VermDi0",VittJo0,2025-09-09
228,EdwaTu0,Turk Edwards,,"BergDu0,DeGrDu0,FlahRa0","BallHe0,MillWa0,ShauCl0",2025-09-09
229,TobiEl0,Elgie Tobin,,,,2025-09-09
230,AlleDe0,Dennis Allen,https://www.pro-football-reference.com/req/20230307/images/headshots/AlleDe0c_2017.jpg,"FoxxJo0,JohnBe0,MoraJi1,PaytSe0,ReevDa0","MarrDo0,RizzDa0,SaunAl0,SparTo0",2025-09-09
231,CampDa0,Dave Campo,https://www.pro-football-reference.com/req/20230307/images/headshots/CampDa0c_2017.jpg,"DaviBu0,DelRJa0,GailCh0,GarrJa0,JohnJi0,PhilWa0,SwitBa0","CoslBr0,ZimmMi0",2025-09-09
232,ForzRi0,Rick Forzano,,"McCaDo0,WinnCh0","BeliBi0,BerrRa0,BugeJo0,GlanJe0,HollBo0,KhayEd0,ShipKe0",2025-09-09
233,PottEa0,Earl Potteiger,,,,2025-09-09
234,SabaNi0,Nick Saban,https://www.pro-football-reference.com/req/20230307/images/headshots/SabaNi0c_2017.jpg,"BeliBi0,GlanJe0","CapeDo0,GarrJa0,LineSc0,MulaMi0,QuinDa0",2025-09-09
235,WalsAd0,Adam Walsh,,,"ConkRe0,SnydBo0",2025-09-09
236,WeirEd0,Ed Weir,,,,2025-09-09
237,WhitMi0,Mike White,https://www.pro-football-reference.com/req/20230307/images/headshots/WhitMi0c_2017.jpg,"McCuPe0,ShelAr0,VermDi0,WalsBi0","BugeJo0,FoxxJo0",2025-09-09
238,BerrPu0,Punk Berryman,,,,2025-09-09
239,BradGu0,Gus Bradley,https://www.pro-football-reference.com/req/20230307/images/headshots/BradGu0c_2018.jpg,"CarrPe0,GrudJo0,LynnAn0,MoraJi1,ReicFr0,ShanKy0,SteiSh0","HackNa0,MarrDo0,SaleRo0",2025-09-09
240,HandRa0,Ray Handley,https://www.pro-football-reference.com/req/20230307/images/headshots/HandRa0c_2017.jpg,ParcBi0,"BrunFr0,CrenRo0,ErhaRo0,FassJi0,GrohAl0,RustRo0",2025-09-09
241,McMiAl0,Bo McMillin,,,"ParkRa0,TrimJi0,WilsGe0",2025-09-09
242,McVaJo0,John McVay,,,"InfaLi0,ModzDi0,SchoMa0",2025-09-09
243,RichRa0,Ray Richards,,"McLeRa0,MoleKe0,PoolHa0,StydJo0","DrulCh0,LemmWa0",2025-09-09
244,RileMi0,Mike Riley,https://www.pro-football-reference.com/req/20230307/images/headshots/RileMi0c_2017.jpg,HaslJi0,"BugeJo0,TurnNo0",2025-09-09
245,RonzGe0,Gene Ronzani,,"HalaGe0,KiesWa0","DrulCh0,McLeRa0",2025-09-09
246,RuetBa0,Babe Ruetz,,,,2025-09-09
247,SchiPa0,Paul Schissler,,,,2025-09-09
248,ShauCl0,Clark Shaughnessy,,"DrisPa0,EdwaTu0,HalaGe0","HickHo0,StydJo0",2025-09-09
249,SmitAr0,Arthur Smith,https://www.pro-football-reference.com/req/20230307/images/headshots/SmitAr0c_2020.jpg,"GibbJo0,MulaMi0,MuncMi0,TomlMi0,VrabMi0,WhisKe0,ZornJi0",,2025-09-09
250,ThorJi0,Jim Thorpe,,,,2025-09-09
251,BehmBu0,Bull Behman,,,,2025-09-09
252,BrooRi0,Rich Brooks,https://www.pro-football-reference.com/req/20230307/images/headshots/BrooRi0c_2017.jpg,"NolaDi0,ProtTo0,ReevDa0","FoxxJo0,MartMi0",2025-09-09
253,CollJo0,Joe Collier,,"McPhDi0,MillRe0,RalsJo0,ReevDa0,SabaLo0,SmitJe0",,2025-09-09
254,EdwaCa0,Cap Edwards,,,,2025-09-09
255,FearTo0,Tom Fears,,"HeckNo0,KhayEd0,LombVi0,WateBo0,WillJe0","BileEd0,FaulJa0,KhayEd0,RobeJ.0,SmitJe0",2025-09-09
256,HorwAr0,Arnie Horween,,,,2025-09-09
257,McAdBe0,Ben McAdoo,https://www.pro-football-reference.com/req/20230307/images/headshots/McAdBe0c_2017.jpg,"CougTo0,HaslJi0,MarrDo0,MayoJe0,McCaMi0,NolaMi0,RhulMa0,VrabMi0",SpagSt0,2025-09-09
258,OConKe0,Kevin O'Connell,,"GrudJa0,KellCh0,McVaSe0,PettMi0","FlorBr0,PettMi0",2025-09-09
259,PatrMa0,Matt Patricia,https://www.pro-football-reference.com/req/20230307/images/headshots/PatrMa0c_2018.jpg,"BeliBi0,SiriNi0","BeveDa0,JohnBe0",2025-09-09
260,PhelJi0,Jimmy Phelan,,,IsbeCe0,2025-09-09
261,TresMa0,Marc Trestman,https://www.pro-football-reference.com/req/20230307/images/headshots/TresMa0c_2019.jpg,"BurnJe0,CallBi0,CarsBu0,GranBu0,GrudJo0,HarbJi0,HarbJo0,PaytSe0,PerkRa0,RossBo0,SchoMa0,SeifGe0,TobiVi0,WannDa0","KromAa0,TuckMe0",2025-09-09
262,WrayLu0,Lud Wray,,LeonJi0,,2025-09-09
263,DeplJa0,Jack Depler,,,,2025-09-09
264,LeBeDi0,Dick LeBeau,,"CoslBr0,CowhBi0,GregFo0,McCoMi0,MulaMi0,StarBa0,TomlMi0,WhisKe0,WillGr0,WychSa0",,2025-09-09
265,NeveEr0,Ernie Nevers,,,HandPh0,2025-09-09
266,SpurSt0,Steve Spurrier,,,"JackHu0,LewiMa0",2025-09-09
267,UrseRu0,Rube Ursella,,,,2025-09-09
268,ZornJi0,Jim Zorn,,"CrenRo0,EricDe0,HaleTo0,HarbJo0,HolmMi0,MoelGa0,RossBo0","BugeJo0,SmitAr0",2025-09-09
269,CarsBu0,Bud Carson,,"KotiRi0,KushFr0,MackJo0,MalaRa0,NollCh0,VermDi0,WaltJo0","HuntHa0,ShofJi0,TresMa0",2025-09-09
270,DietLo0,Lone Star Dietz,,,,2025-09-09
271,GibrAb0,Abe Gibron,,"DoolJi0,HalaGe0,McKaJo0,McPeBi0,NixoMi0",,2025-09-09
272,HudsTo0,Tommy Hudspeth,,,"BeliBi0,BugeJo0,GlanJe0,HughEd0,ShipKe0",2025-09-09
273,JackHu0,Hue Jackson,https://www.pro-football-reference.com/req/20230307/images/headshots/JackHu0c_2018.jpg,"CablTo0,HarbJo0,LewiMa0,PetrBo0,SchoMa0,SpurSt0","FassJo0,HaleTo0,KitcFr0,SaunAl0,TaboCh0,WillGr0",2025-09-09
274,JoseVa0,Vance Joseph,,"GaseAd0,KingKl0,KubiGa0,LewiMa0,NolaMi0,PaytSe0,SingMi0","McCoMi1,StudEr0",2025-09-09
275,KushFr0,Frank Kush,,,"CarsBu0,CunnGu0,HuntHa0,VentRi0",2025-09-09
276,LineSc0,Scott Linehan,https://www.pro-football-reference.com/req/20230307/images/headshots/LineSc0c_2018.jpg,"GarrJa0,MoorKe0,SabaNi0,SchwJi0,TiceMi0","HaslJi0,SaunAl0,VentRi0",2025-09-09
277,NortJo0,John North,,"BennLe0,GilmHa0,SchmJo0",,2025-09-09
278,RamsGa0,Buster Ramsey,,"HandPh0,IsbeCe0,LambCu0,ParkRa0,WilsGe0",,2025-09-09
279,RhulMa0,Matt Rhule,https://www.pro-football-reference.com/req/20230307/images/headshots/RhulMa0c_2020.jpg,CougTo0,"McAdBe0,TaboCh0,WilkSt0",2025-09-09
280,RymkLo0,Lou Rymkus,,"BlacLi0,GillSi0,GilmHa0,McCaDo0",,2025-09-09
281,SaleRo0,Robert Saleh,https://www.pro-football-reference.com/req/20230307/images/headshots/SaleRo0c_2020.jpg,"BradGu0,CapeDo0,CarrPe0,KubiGa0,ShanKy0","HackNa0,UlbrJe0",2025-09-09
282,SchiGr0,Greg Schiano,https://www.pro-football-reference.com/req/20230307/images/headshots/SchiGr0c_2017.jpg,WannDa0,"DaviBu0,WannDa0",2025-09-09
283,SpagSt0,Steve Spagnuolo,https://www.pro-football-reference.com/req/20230307/images/headshots/SpagSt0c_2017.jpg,"CougTo0,GibbJo0,HarbJo0,McAdBe0,PaytSe0,ReidAn0","GannJo0,McDaJo0,ShurPa0",2025-09-09
284,WiggPa0,Paul Wiggin,,"BurnJe0,GranBu0,NolaDi0","BettTo0,ChriJa0",2025-09-09
285,BellBe0,Bert Bell,https://www.pro-football-reference.com/req/20230307/images/headshots/BellBe0.jpg,,,2025-09-09
286,FalcGu0,Guil Falcon,,,,2025-09-09
287,GilmHa0,Harry Gilmer,,"CoryDo0,HaniJi0,ParkRa0,VanBNo0,WilkBu0,WilsLa0,WinnCh0","BaugSa0,NortJo0,RymkLo0,SchmJo0",2025-09-09
288,IsbeCe0,Cecil Isbell,,"LambCu0,PhelJi0",RamsGa0,2025-09-09
289,JudgJo0,Joe Judge,https://www.pro-football-reference.com/req/20230307/images/headshots/JudgJo0c_2020.jpg,BeliBi0,"GarrJa0,KitcFr0",2025-09-09
290,MariRo0,Rod Marinelli,https://www.pro-football-reference.com/req/20230307/images/headshots/MariRo0c_2018.jpg,"DungTo0,GarrJa0,GrudJo0,SmitLo0","GaseAd0,MartMi0",2025-09-09
291,PettMi0,Mike Pettine,https://www.pro-football-reference.com/req/20230307/images/headshots/PettMi0c_2020.jpg,"BillBr0,HarbJo0,LaFlMa0,MarrDo0,McCaMi0,NagyMa0,OConKe0,RyanRe0","GlenAa0,McDaMi0,OConKe0,ShanKy0,TaboCh0",2025-09-09
292,StepKa0,Kay Stephenson,,KnoxCh0,"BullHa0,CarrPe0,JaurDi0,RingJi0",2025-09-09
293,DaboBr0,Brian Daboll,https://www.pro-football-reference.com/req/20230307/images/headshots/DaboBr0c_2018.jpg,"BeliBi0,CrenRo0,MangEr0,McDeSe0,SparTo0",,2025-09-09
294,FaulJa0,Jack Faulkner,,"FearTo0,GillSi0,KnoxCh0,MalaRa0,VanBNo0",,2025-09-09
295,GrohAl0,Al Groh,https://www.pro-football-reference.com/req/20230307/images/headshots/GrohAl0c_2017.jpg,"BeliBi0,CampMa0,HandRa0,ParcBi0","BowlTo0,HaleTo0,HennDa0,NolaMi0,WhisKe0",2025-09-09
296,MazuJo0,John Mazur,,"McCoMi0,MichWa0,RushCl0,VermDi0",RutiSa0,2025-09-09
297,McDaMi0,Mike McDaniel,https://www.pro-football-reference.com/req/20230307/images/headshots/McDaMi0c_2021.jpg,"KubiGa0,PettMi0,QuinDa0,ShanKy0,ShanMi0","BeveDa0,FangVi0,StudEr0",2025-09-09
298,McEwCa0,Cap McEwan,,,,2025-09-09
299,TalbNe0,Nelson Talbot,,,,2025-09-09
300,VittJo0,Joe Vitt,https://www.pro-football-reference.com/req/20230307/images/headshots/VittJo0c_2017.jpg,"CunnGu0,GaseAd0,KnoxCh0,MarcTe0,MartMi0,McCoMi0,PateJa0,PaytSe0,RhodRa0,VermDi0","KromAa0,PaytSe0,SpagSt0",2025-09-09
301,WallCh0,Charlie Waller,,"AlleGe0,GillSi0,MalaRa0,SvarHa0",PhilBu0,2025-09-09
302,WateBo0,Bob Waterfield,,"GillSi0,PoolHa0","FearTo0,PoolHa0",2025-09-09
303,WilkBu0,Bud Wilkinson,,,"BettTo0,GilmHa0,HaniJi0",2025-09-09
304,WilkSt0,Steve Wilks,https://www.pro-football-reference.com/req/20230307/images/headshots/WilkSt0c_2018.jpg,"GibbJo0,GlenAa0,KitcFr0,RhulMa0,RiveRo0,ShanKy0,SmitLo0,TurnNo0","McAdBe0,McCoMi1,TaboCh0",2025-09-09
305,AlexDo0,Doc Alexander,,,,2025-09-09
306,BileEd0,Ed Biles,,"EwbaWe0,FearTo0,GillSi0,PhilBu0,RobeJ.0","NolaDi0,ShofJi0,StudCh0",2025-09-09
307,CampHu0,Hugh Campbell,,,GlanJe0,2025-09-09
308,FolwBo0,Bob Folwell,,,,2025-09-09
309,ForsJa0,Jack Forsyth,,,,2025-09-09
310,GanzFr0,Frank Gansz,,"BrunFr0,CampMa0,CougTo0,FontWa0,GregFo0,JoneJu0,LevyMa0,MackJo0,McCuPe0,RiceHo0,VermDi0","BettTo0,RustRo0",2025-09-09
311,HollBo0,Bob Hollway,,"ForzRi0,GranBu0,McCaDo0,NolaDi0,PateJa0,StecLe0","AustBi0,BennLe0,DrulCh0,HughEd0",2025-09-09
312,KhayEd0,Ed Khayat,,"BerrRa0,CampMa0,ClarMo0,FearTo0,ForzRi0,MarcTe0,McCaDo0,McCoMi0,PeppPa0,RobeJ.0,WychSa0","FearTo0,MichWa0,RaucJo0",2025-09-09
313,McPhDi0,Dick MacPherson,https://www.pro-football-reference.com/req/20230307/images/headshots/McPhDi0c_2017.jpg,"RutiSa0,SabaLo0",CollJo0,2025-09-09
314,PollFr0,Fritz Pollard,,,,2025-09-09
315,RiceHo0,Homer Rice,,,"GanzFr0,McCoMi0,ModzDi0,StudCh0,WinnCh0",2025-09-09
316,StorCa0,Carl Storck,,,,2025-09-09
317,WycoDo0,Doug Wycoff,,,,2025-09-09
318,ArnsBi0,Bill Arnsparger,,"RossBo0,ShulDo0",SchoMa0,2025-09-09
319,BisaRi0,Rich Bisaccia,https://www.pro-football-reference.com/req/20230307/images/headshots/BisaRi0c.jpg,"GarrJa0,GrudJo0,LaFlMa0,MorrRa0,TurnNo0","BradGu0,CablTo0,MariRo0",2025-09-09
320,DevoHu0,Hugh Devore,,LemmWa0,"DrulCh0,OwenSt0",2025-09-09
321,FilcFr0,Frank Filchock,,,,2025-09-09
322,KopfHe0,Herb Kopf,,,,2025-09-09
323,RobeJ.0,J.D. Roberts,,FearTo0,"BileEd0,KhayEd0,ShipKe0,SmitJe0",2025-09-09
324,ScotRa0,Ralph Scott,,,,2025-09-09
325,SmitCl0,Clipper Smith,,,BachJo0,2025-09-09
326,WillJe0,Jerry Williams,,"ShawLa0,SkorNi0","FearTo0,LevyMa0,RaucJo0,StanDi0",2025-09-09
327,BergDu0,Dutch Bergman,,FlahRa0,EdwaTu0,2025-09-09
328,BlooJo0,Johnny Blood,,,KiesWa0,2025-09-09
329,ErdeEd0,Eddie Erdelatz,,,,2025-09-09
330,GilbKe0,Kevin Gilbride,https://www.pro-football-reference.com/req/20230307/images/headshots/GilbKe0c_2017.jpg,"CougTo0,CowhBi0,GlanJe0,PardJa0,WillGr0","BugeJo0,JoneJu0",2025-09-09
331,GoleAr0,Archie Golembeski,,,,2025-09-09
332,HendGu0,Gus Henderson,,,AndeHu0,2025-09-09
333,ImlaTu0,Tut Imlay,,,,2025-09-09
334,KitcFr0,Freddie Kitchens,,"AriaBr0,JackHu0,JudgJo0,ParcBi0,WhisKe0",WilkSt0,2025-09-09
335,MullBr0,Brick Muller,,,,2025-09-09
336,NixoMi0,Mike Nixon,,"GettMi0,KuhaJo0,MichJo0,ParkRa0,StydJo0,SuthJo0","GibrAb0,HeffEr0,McPeBi0",2025-09-09
337,SnydBo0,Bob Snyder,,"KiesWa0,LambCu0,WalsAd0",StydJo0,2025-09-09
338,SpeeMa0,Mac Speedie,,,,2025-09-09
339,TomsJi0,Jim Tomsula,https://www.pro-football-reference.com/req/20230307/images/headshots/TomsJi0c_2019.jpg,"GrudJa0,HarbJi0,McCaMi0,NolaMi0,SingMi0","JoseVa0,MangEr0,SparTo0",2025-09-09
340,ArmsJo0,John Armstrong,,,,2025-09-09
341,CrowCl0,Clem Crowe,,,MillWa0,2025-09-09
342,DowhRo0,Rod Dowhower,,"BeliBi0,CampMa0,CoryDo0,FassJi0,GibbJo0,HaniJi0,MillRe0,PetiRi0,ReevDa0,ReidAn0","ChilBr0,VentRi0",2025-09-09
343,EricHa0,Hal Erickson,,,,2025-09-09
344,FrieBe0,Benny Friedman,,,,2025-09-09
345,GrifHa0,Hal Griffen,,,,2025-09-09
346,KiffLa0,Lane Kiffin,https://www.pro-football-reference.com/req/20230307/images/headshots/KiffLa0c_2017.jpg,CougTo0,"CablTo0,FassJo0",2025-09-09
347,LairJi0,Jim Laird,,,,2025-09-09
348,MeyeKe0,Ken Meyer,,"ArmsNe0,EwbaWe0,KnoxCh0,NolaDi0",ShofJi0,2025-09-09
349,MornMa0,Marty Mornhinweg,https://www.pro-football-reference.com/req/20230307/images/headshots/MornMa0c_2018.jpg,"HarbJo0,HolmMi0,MariSt0,PedeDo0,ReidAn0,RyanRe0",TobiVi0,2025-09-09
350,PalmCh0,Chris Palmer,https://www.pro-football-reference.com/req/20230307/images/headshots/PalmCh0c_2017.jpg,"CapeDo0,CougTo0,HarbJi0,MuncMi0,ParcBi0,PardJa0,RyanRe0","CrenRo0,PerkRa0,SparTo0,WhisKe0",2025-09-09
351,RobbHa0,Harry Robb,,,,2025-09-09
352,RushCl0,Clive Rush,,,MazuJo0,2025-09-09
353,ToddDi0,Dick Todd,,,,2025-09-09
354,TurnCl0,Bulldog Turner,,"DrisPa0,HalaGe0",,2025-09-09
355,BallHe0,Herman Ball,,"EdwaTu0,EwbaWe0,KiesWa0,KuhaJo0,LambCu0",,2025-09-09
356,BattCl0,Cliff Battles,,,,2025-09-09
357,BierSc0,Scotty Bierce,,,,2025-09-09
358,BullHa0,Hank Bullough,,"ErhaRo0,FairCh0,FontWa0,GregFo0,InfaLi0,McCaDo0,SandJo0,StepKa0","BerrRa0,ErhaRo0,JaurDi0,RingJi0",2025-09-09
359,ChudRo0,Rob Chudzinski,https://www.pro-football-reference.com/req/20230307/images/headshots/ChudRo0c_2017.jpg,"CrenRo0,DaviBu0,PagaCh0,RiveRo0,SchoMa0,TurnNo0","SteiSh0,TaboCh0,TurnNo0",2025-09-09
360,CullDa0,David Culley,https://www.pro-football-reference.com/req/20230307/images/headshots/CullDa0c_2021.jpg,"CowhBi0,HarbJo0,McDeSe0,ReidAn0,WychSa0","CrenRo0,SmitLo0",2025-09-09
361,DaugRu0,Russ Daugherty,,,,2025-09-09
362,DoneAl0,Aldo Donelli,,CawtPe0,ConkRe0,2025-09-09
363,EdwaBi0,Bill Edwards,,,,2025-09-09
364,HackNa0,Nathaniel Hackett,https://www.pro-football-reference.com/req/20230307/images/headshots/HackNa0c_2021.jpg,"BradGu0,GrudJo0,JaurDi0,LaFlMa0,MarrDo0,SaleRo0","CapeDo0,RosbJe0",2025-09-09
365,HandPh0,Phil Handler,,"ConzJi0,CreiMi0,DrisPa0,HalaGe0,LambCu0,NeveEr0","LeonJi0,ParkRa0,RamsGa0",2025-09-09
366,HeckNo0,Norb Hecker,,"LombVi0,WalsBi0,WebsAl0",FearTo0,2025-09-09
367,HughEd0,Ed Hughes,,"DitkMi0,GrahOt0,HollBo0,HudsTo0,LandTo0,McPeBi0,NolaDi0,RyanBu0,VermDi0",,2025-09-09
368,KendJi0,Jim Kendrick,,,BattDi0,2025-09-09
369,LewiAr0,Art Lewis,,,,2025-09-09
370,MoelGa0,Gary Moeller,https://www.pro-football-reference.com/req/20230307/images/headshots/MoelGa0c_2017.jpg,"CougTo0,JaurDi0,RossBo0,ShulDa0",ZornJi0,2025-09-09
371,PetiRi0,Richie Petitbon,,"GibbJo0,GillSi0,PardJa0,PhilBu0","DowhRo0,HaniJi0,ThomEm0",2025-09-09
372,RobiEd0,Ed Robinson,,,,2025-09-09
373,RogeCh0,Charley Rogers,,,,2025-09-09
374,SandJo0,John Sandusky,,"EwbaWe0,McCaDo0,McCoMi0,ShulDo0","BullHa0,MillRe0",2025-09-09
375,SchnHo0,Howard Schnellenberger,,"AlleGe0,ShulDo0","McCuPe0,SmitJe0",2025-09-09
376,SterJo0,Joey Sternaman,,,,2025-09-09
377,TaylHu0,Hugh Taylor,,AustBi0,,2025-09-09
378,WeavRe0,Red Weaver,,,,2025-09-09
379,WillRi0,Richard Williamson,https://www.pro-football-reference.com/req/20230307/images/headshots/WillRi0c_2017.jpg,"CapeDo0,FoxxJo0,MackJo0,PerkRa0,SeifGe0,ShulDa0","BrunFr0,KuhlHa0",2025-09-09
380,YounSw0,Swede Youngstrom,,"ChamGu0,KoppWa0",,2025-09-09
381,BateJi0,Jim Bates,,"BeliBi0,GailCh0,JoneJu0,MorrRa0,ShanMi0,SherMi0,SwitBa0,WannDa0",TresMa0,2025-09-09
382,BrenWa0,Wayne Brenkert,,,,2025-09-09
383,BrewUn0,Untz Brewer,,,,2025-09-09
384,BrilMa0,Marty Brill,,,,2025-09-09
385,DoudJa0,Forrest Douds,,,,2025-09-09
386,EberMa0,Matt Eberflus,https://www.pro-football-reference.com/req/20230307/images/headshots/EberMa0c_2021.jpg,"GarrJa0,MangEr0,ReicFr0,SchoBr0",BrowTh0,2025-09-09
387,FausFr0,Frank Fausch,,,,2025-09-09
388,FewePe0,Perry Fewell,https://www.pro-football-reference.com/req/20230307/images/headshots/FewePe0c_2017.jpg,"CougTo0,GrudJa0,JaurDi0,MarrDo0,MartMi0,RiveRo0,SmitLo0","HackNa0,StudEr0,TurnNo0",2025-09-09
389,GettMi0,Mike Getto,,SuthJo0,NixoMi0,2025-09-09
390,GibsGe0,George Gibson,,,,2025-09-09
391,HenrPe0,Pete Henry,,,,2025-09-09
392,HessWa0,Wally Hess,,,,2025-09-09
393,HoltLo0,Lou Holtz,,,"HennDa0,MichWa0",2025-09-09
394,KeogJa0,Jack Keogh,,,,2025-09-09
395,MarsBi0,Billy Marshall,,,,2025-09-09
396,MoleKe0,Keith Molesworth,,BachJo0,RichRa0,2025-09-09
397,NessTe0,Ted Nesser,,,,2025-09-09
398,PalmMi0,Mike Palm,,OwenSt0,,2025-09-09
399,PeppPa0,Pat Peppler,,,"BrunFr0,KhayEd0,RaucJo0",2025-09-09
400,PetrBo0,Bobby Petrino,https://www.pro-football-reference.com/req/20230307/images/headshots/PetrBo0c_2017.jpg,CougTo0,"GannJo0,JackHu0,RosbJe0,ThomEm0,ZimmMi0",2025-09-09
401,RingJi0,Jim Ringo,,"BullHa0,DoolJi0,ErhaRo0,FairCh0,LevyMa0,MalaRa0,SabaLo0,StepKa0,WaltJo0",,2025-09-09
402,StecLe0,Les Steckel,,"BerrRa0,DungTo0,FishJe0,GranBu0,McCuPe0,PhilWa0,WillGr0","BurnJe0,HollBo0",2025-09-09
403,StinPe0,Pete Stinchcomb,,,,2025-09-09
404,WhelJo0,John Whelchel,,,,2025-09-09
405,BeveDa0,Darrell Bevell,https://www.pro-football-reference.com/req/20230307/images/headshots/BeveDa0c_2021.jpg,"CarrPe0,ChilBr0,FrazLe0,McDaMi0,MeyeUr0,PatrMa0,SherMi0","JohnBe0,SchoBr0",2025-09-09
406,BolaPa0,Pat Boland,,,,2025-09-09
407,BryaJo0,Johnny Bryan,,,,2025-09-09
408,CaseEd0,Eddie Casey,,,,2025-09-09
409,CawtPe0,Pete Cawthon,,DoraGu0,"BridFr0,DoneAl0",2025-09-09
410,ChevJa0,Jack Chevigny,,,,2025-09-09
411,CornAl0,Al Cornsweet,,,,2025-09-09
412,DiMeLu0,Luby DiMeolo,,,,2025-09-09
413,DoveBo0,Bob Dove,,WilsGe0,,2025-09-09
414,DrulCh0,Chuck Drulis,,"DevoHu0,HollBo0,IvyxPo0,LemmWa0,McLeRa0,RichRa0,RonzGe0,TrimJi0,WinnCh0",,2025-09-09
415,FeldMa0,Marty Feldman,,,,2025-09-09
416,GarrBu0,Budge Garrett,,,,2025-09-09
417,GillHa0,Hank Gillo,,,,2025-09-09
418,HansHa0,Hal Hanson,,,,2025-09-09
419,HeinMe0,Mel Hein,,StydJo0,,2025-09-09
420,JohnHa0,Harvey Johnson,,,FlorTo0,2025-09-09
421,KromAa0,Aaron Kromer,https://www.pro-football-reference.com/req/20230307/images/headshots/KromAa0c_2017.jpg,"CallBi0,GrudJo0,McDeSe0,McVaSe0,PaytSe0,RyanRe0,TresMa0,TurnNo0","PaytSe0,SpagSt0,VittJo0",2025-09-09
422,LeonJi0,Jim Leonard,,"HandPh0,KiesWa0",WrayLu0,2025-09-09
423,MathNe0,Ned Mathews,,,,2025-09-09
424,MehrHa0,Harry Mehre,,,,2025-09-09
425,MeyeUr0,Urban Meyer,https://www.pro-football-reference.com/req/20230307/images/headshots/MeyeUr0c_2021.jpg,,"BeveDa0,SchoBr0",2025-09-09
426,MillWa0,Wayne Millner,,"CrowCl0,EdwaTu0,KuhaJo0,LambCu0",TrimJi0,2025-09-09
427,MoraCh0,Charley Moran,,,,2025-09-09
428,PierAl0,Al Pierotti,,,,2025-09-09
429,ProcRa0,Ray Prochaska,,"AlleGe0,IvyxPo0,KnoxCh0,LemmWa0,SkorNi0",,2025-09-09
430,RobiTe0,Terry Robiskie,,"CameCa0,CrenRo0,DaviBu0,FlorTo0,MarrDo0,McDeSe0,MulaMi0,QuinDa0,ShanMi0,ShelAr0,SmitMi0,TurnNo0","BowlTo0,CampDa0,ChudRo0,PagaCh0,RhodRa0,RosbJe0",2025-09-09
431,ShipTe0,Ted Shipkey,,,,2025-09-09
432,SiesHe0,Herb Sies,,,,2025-09-09
433,SmitJe0,Jerry Smith,,"CoryDo0,FearTo0,HaniJi0,MarcTe0,PeteBi0,ProtTo0,RobeJ.0,SchnHo0,SkorNi0,ThomJo0",CollJo0,2025-09-09
434,StudCh0,Chuck Studley,,"BileEd0,BrowPa0,JohnBi0,RiceHo0,ShulDo0,WalsBi0,WychSa0",,2025-09-09
435,TebeGu0,Gus Tebell,,,,2025-09-09
436,ThomJo0,Joe Thomas,,"EwbaWe0,GillSi0","McCuPe0,SmitJe0",2025-09-09
437,TuckMe0,Mel Tucker,https://www.pro-football-reference.com/req/20230307/images/headshots/TuckMe0c_2017.jpg,"CrenRo0,DelRJa0,MulaMi0,TresMa0",KoetDi0,2025-09-09
438,VentRi0,Rick Venturi,https://www.pro-football-reference.com/req/20230307/images/headshots/VentRi0c_2017.jpg,"BeliBi0,DitkMi0,DowhRo0,HaslJi0,HuntHa0,KushFr0,LineSc0,MarcTe0,MeyeRo0,MoraJi0","AriaBr0,HaslJi0,MoraJi1",2025-09-09
439,VoylCa0,Carl Voyles,,,,2025-09-09
440,WilkWi0,Willie Wilkin,,,,2025-09-09
441,WilsRa0,Ray Willsey,,"CoryDo0,FlorTo0,IvyxPo0,MaddJo0,McPeBi0",,2025-09-09
442,WilsLa0,Larry Wilson,,,"BettTo0,GilmHa0",2025-09-09
443,WorkHo0,Hoge Workman,,,,2025-09-09
444,BarrSh0,Shorty Barr,,,,2025-09-09
445,BettTo0,Tom Bettis,,"GanzFr0,GlanJe0,HaniJi0,PardJa0,RobiJo0,RyanBu0,SchoMa0,StraHa0,WiggPa0,WilkBu0,WilsLa0",ChriJa0,2025-09-09
446,BezdHu0,Hugo Bezdek,,,,2025-09-09
447,BrunFr0,Fred Bruney,,"CampMa0,HandRa0,HennDa0,InfaLi0,KuhaJo0,MarcTe0,PeppPa0,PerkRa0,VanBNo0,VermDi0,WillRi0","CougTo0,GanzFr0,MarcTe0",2025-09-09
448,CameCa0,Cam Cameron,https://www.pro-football-reference.com/req/20230307/images/headshots/CameCa0c_2017.jpg,"HarbJo0,SchoMa0,TurnNo0","CapeDo0,MulaMi0,RobiTe0",2025-09-09
449,ConkRe0,Bill Conkright,,"DoneAl0,WalsAd0",,2025-09-09
450,DoheMe0,Mel Doherty,,,,2025-09-09
451,DrisWa0,Walt Driskill,,,,2025-09-09
452,EwarCh0,Charley Ewart,,NealGr0,BachJo0,2025-09-09
453,FishJa0,Jack Fish,,,,2025-09-09
454,GillFr0,Fred Gillies,,,,2025-09-09
455,HainHi0,Hinkey Haines,,,,2025-09-09
456,HanlDi0,Dick Hanley,,,,2025-09-09
457,HeffEr0,Ernie Hefferle,,NixoMi0,,2025-09-09
458,HegaJa0,Jack Hegarty,,,,2025-09-09
459,HeldJa0,Jack Heldt,,,,2025-09-09
460,HickMa0,Max Hicks,,,,2025-09-09
461,JoesHe0,Herb Joesting,,,,2025-09-09
462,JollAl0,Al Jolley,,,,2025-09-09
463,KoppWa0,Walt Koppisch,,,"BattDi0,YounSw0",2025-09-09
464,KraeOl0,Ollie Kraehe,,,,2025-09-09
465,MahrLo0,Lou Mahrt,,,,2025-09-09
466,McCuPe0,Pete McCulley,,"AlleGe0,MackJo0,MarcTe0,MichWa0,SchnHo0,ThomJo0","GanzFr0,OConFr0,StecLe0,WhitMi0",2025-09-09
467,McKeEd0,Ed McKeever,,,,2025-09-09
468,McLeRa0,Ray McLean,,"BlacLi0,RonzGe0,WilsGe0","DrulCh0,RichRa0,SkorNi0",2025-09-09
469,MeagJa0,Jack Meagher,,,,2025-09-09
470,NiedFr0,Frank Nied,,,,2025-09-09
471,OConFr0,Fred O'Connor,,"McCuPe0,PardJa0","GanzFr0,StecLe0,WhitMi0",2025-09-09
472,PeteBi0,Bill Peterson,,,"HennDa0,SmitJe0",2025-09-09
473,RosbJe0,Jerry Rosburg,,"CrenRo0,DaviBu0,HackNa0,HarbJo0,PetrBo0",CapeDo0,2025-09-09
474,RustRo0,Rod Rust,https://www.pro-football-reference.com/req/20230307/images/headshots/RustRo0c_2017.jpg,"BerrRa0,CougTo0,FassJi0,GanzFr0,HandRa0,JoneJu0,LevyMa0,MariSt0,MeyeRo0,NollCh0,VermDi0",,2025-09-09
475,SalaAn0,Andy Salata,,,,2025-09-09
476,SatuJe0,Jeff Saturday,,ReicFr0,"BradGu0,FoxxJo0",2025-09-09
477,ScotTo0,Tom Scott,,,,2025-09-09
478,ShipKe0,Ken Shipp,,"EwbaWe0,ForzRi0,HudsTo0,PhilBu0,RobeJ.0,WinnCh0","RutiSa0,RyanBu0",2025-09-09
479,ShofJi0,Jim Shofner,,"BileEd0,CarsBu0,ChriJa0,KuhlHa0,LandTo0,LevyMa0,MeyeKe0,NolaDi0,RutiSa0,StalGe0",HuntHa0,2025-09-09
480,StanDi0,Dick Stanfel,,"ArmsNe0,DitkMi0,KuhaJo0,NolaDi0,StraHa0,WillJe0",HughEd0,2025-09-09
481,StevMa0,Mal Stevens,,,,2025-09-09
482,StudEr0,Eric Studesville,https://www.pro-football-reference.com/req/20230307/images/headshots/StudEr0c_2017.jpg,"FassJi0,FlorBr0,FoxxJo0,GaseAd0,JaurDi0,JoseVa0,KubiGa0,McDaJo0,McDaMi0,MulaMi0,WannDa0","CallBr0,GaseAd0,McCoMi1",2025-09-09
483,ThomEm0,Emmitt Thomas,,"CrenRo0,GibbJo0,GreeDe0,HaleTo0,HaniJi0,MoraJi1,PetiRi0,PetrBo0,ReevDa0,ReidAn0,RhodRa0,SmitMi0,TurnNo0","GannJo0,JackHu0,RosbJe0,ZimmMi0",2025-09-09
484,TollRu0,Russell Tollefson,,,,2025-09-09
485,WallRo0,Ron Waller,,SvarHa0,GregFo0,2025-09-09
486,WalsCh0,Chile Walsh,,"ClarDu0,ConzJi0",,2025-09-09
487,WiggHu0,Hubert Wiggs,,,,2025-09-09
488,YounDo0,Doc Young,,,,2025-09-09
489,AbboFa0,Fay Abbott,,,,2025-09-09
490,BattDi0,Dim Batterson,,"KendJi0,KoppWa0",,2025-09-09
491,BranJo0,Joe Brandy,,,,2025-09-09
492,BricCh0,Charlie Brickley,,,,2025-09-09
493,BridFr0,Frank Bridges,,CawtPe0,,2025-09-09
494,ChecCo0,Coonie Checkaye,,,,2025-09-09
495,ClarAl0,Algy Clark,,,,2025-09-09
496,CofaSt0,Stan Cofall,,,,2025-09-09
497,CougFr0,Frank Coughlin,,,,2025-09-09
498,CrowJi0,Jim Crowley,,,,2025-09-09
499,DellHe0,Herb Dell,,,,2025-09-09
500,FassJo0,John Fassel,https://www.pro-football-reference.com/req/20230307/images/headshots/FassJo0c_2017.jpg,"BillBr0,CablTo0,CallBr0,FishJe0,JackHu0,KiffLa0,McCaMi0,McVaSe0","McGiDa0,SingMi0,WillGr0",2025-09-09
501,GrigTe0,Tex Grigg,,,,2025-09-09
502,HanlBo0,Bo Hanley,,,,2025-09-09
503,HendDu0,Dutch Hendrian,,,,2025-09-09
504,HiggAu0,Austin Higgins,,,,2025-09-09
505,HuffKe0,Ken Huffine,,,,2025-09-09
506,HuntHa0,Hal Hunter,,"BeliBi0,CarsBu0,KushFr0,NollCh0","CunnGu0,VentRi0",2025-09-09
507,KarcBu0,Bull Karcis,,,,2025-09-09
508,KubaEd0,Ed Kubale,,,,2025-09-09
509,KuhlHa0,Hank Kuhlmann,,"ArmsNe0,DeviDa0,DitkMi0,InfaLi0,MarcTe0,McGiDa0,StalGe0,TobiVi0,WillRi0",ShofJi0,2025-09-09
510,LyonLe0,Leo Lyons,,,,2025-09-09
511,McGaAl0,Alfred McGall,,,,2025-09-09
512,McIlWa0,Wally McIlwain,,,,2025-09-09
513,ModzDi0,Dick Modzelewski,,"CollBl0,FontWa0,GregFo0,McVaJo0,RiceHo0,RogeDa0,SkorNi0",BerrRa0,2025-09-09
514,MurpJo0,Johnny Murphy,,,,2025-09-09
515,NessAl0,Al Nesser,,,,2025-09-09
516,RoseTa0,Tam Rose,,,,2025-09-09
517,SachLe0,Lenny Sachs,,,,2025-09-09
518,GannJo0,Jonathan Gannon,https://www.pro-football-reference.com/req/20230307/images/headshots/GannJo0c_2021.jpg,"MuncMi0,PetrBo0,ReicFr0,SiriNi0,SpagSt0,ZimmMi0",,2025-09-09
519,RyanDe0,DeMeco Ryans,https://www.pro-football-reference.com/req/20230307/images/headshots/RyanDe20_2021.jpg,ShanKy0,,2025-09-09
520,SteiSh0,Shane Steichen,https://www.pro-football-reference.com/req/20230307/images/headshots/SteiSh0c_2021.jpg,"ChudRo0,LynnAn0,McCoMi1,SiriNi0,TurnNo0",BradGu0,2025-09-09
521,PierAn0,Antonio Pierce,,McDaJo0,"LewiMa0,PhilJo0,TurnNo0",2025-09-09
522,TaboCh0,Chris Tabor,,"ChudRo0,JackHu0,McDeSe0,NagyMa0,PettMi0,ReicFr0,RhulMa0,ShurPa0,SmitLo0","BrowTh0,CaldJi0,CapeDo0",2025-09-09
523,SmitGi0,Giff Smith,,"GailCh0,LynnAn0,McCoMi1,McVaSe0,StalBr0,WhisKe0",MoorKe0,2025-09-09
524,MacdMi0,Mike Macdonald,,HarbJo0,FrazLe0,2024-09-12
525,MayoJe0,Jerod Mayo,https://www.pro-football-reference.com/req/20230307/images/headshots/MayoJe99_2019.jpg,BeliBi0,McAdBe0,2024-09-12
526,CallBr0,Brian Callahan,https://www.pro-football-reference.com/req/20230307/images/headshots/CallBr0c_2021.jpg,"CaldJi0,FoxxJo0,GrudJo0,KubiGa0,McDaJo0,TaylZa0",CallBi0,2024-09-12
527,CanaDa0,Dave Canales,,"BowlTo0,CarrPe0","CaldJi0,CapeDo0",2024-09-12
528,UlbrJe0,Jeff Ulbrich,,"CarrPe0,QuinDa0,SaleRo0",HackNa0,2024-10-15
529,RizzDa0,Darren Rizzi,,"AlleDe0,GaseAd0,PaytSe0,PhilJo0,SparTo0",,2024-11-12
530,BrowTh0,Thomas Brown,,"EberMa0,McVaSe0,ReicFr0",,2024-12-03
531,CoenLi0,Liam Coen,,"BowlTo0,McVaSe0",,2025-09-09
532,GlenAa0,Aaron Glenn,,"CampDa1,PaytSe0,PettMi0",WilkSt0,2025-09-09
533,JohnBe0,Ben Johnson,,"CampDa1,GaseAd0,PatrMa0,PhilJo0",AlleDe0,2025-09-09
534,MoorKe0,Kellen Moore,https://www.pro-football-reference.com/req/20230307/images/headshots/MoorKe02_2021.jpg,"GarrJa0,McCaMi0,SiriNi0,StalBr0","LineSc0,StalBr0",2025-09-09
535,SchoBr0,Brian Schottenheimer,https://www.pro-football-reference.com/req/20230307/images/headshots/SchoBr0c_2020.jpg,"CarrPe0,FishJe0,MangEr0,McCaMi0,MeyeUr0,PagaCh0,RyanRe0,SchoMa0,VermDi0",EberMa0,2025-09-09
